Workbook

Sheet 01_Dashboard
A1: SOLAR DESIGN ENGINEERING PACKAGE — DASHBOARD
A3: Current Design | C3: Design Status
A4: Project | B4: ='02_Build'!B4 -> 44755 Savage Rd, Coarsegold CA | C4: Electrical | D4: ='02_Build'!F20 -> PASS
A5: Panel | B5: ='02_Build'!B5 -> REC Alpha Pure-RX 460 | C5: Layout | D5: Column-based strings
A6: Inverter | B6: ='02_Build'!B6 -> Sol-Ark 18K-2P-LV | C6: Shade | D6: First-pass model
A7: Battery | B7: ='02_Build'!B7 -> Discover Helios ESS | C7: Cost | D7: Hardware estimate only
A8: Battery Qty | B8: ='02_Build'!B8 -> 3 | C8: Mechanical | D8: Engineer review required
A9: Array Layout | B9: ='02_Build'!B11&"×"&'02_Build'!B12&" "&'02_Build'!B9&" x"&'02_Build'!B13&" "&'02_Build'!B10 -> 3×12 Portrait x1 Single Mount | C9: Next Step | D9: Validate rack height/wind loading
A10: DC Array kW | B10: ='02_Build'!F5 -> 16.56
A11: Battery Storage kWh | B11: ='02_Build'!F11 -> 48
A12: Estimated Hardware $ | B12: ='02_Build'!F12 -> 45940
A13: Electrical Status | B13: ='02_Build'!F20 -> PASS

Sheet 02_Build
A1: SOLAR DESIGN ENGINEERING PACKAGE — BUILD PAGE v4.0
A3: Design Inputs | C3: Selected Equipment Values | E3: Live Engineering Summary | G3: Check | H3: Calculated | I3: Limit | J3: Status
A4: Project | B4: 44755 Savage Rd, Coarsegold CA | C4: Panel W | D4: =INDEX(DB_Panels!$C$2:$C$6,MATCH($B$5,DB_Panels!$B$2:$B$6,0)) -> 460 | E4: Total Panels | F4: =B11*B12*B13 -> 36 | G4: String Vmp | H4: =F6 -> 329.4 | I4: =D13&"–"&D14&" V" -> 150–425 V | J4: =IF(AND(F6>=D13,F6<=D14),"PASS","CHECK") -> PASS
A5: Panel Model | B5: REC Alpha Pure-RX 460 | C5: Panel Voc | D5: =INDEX(DB_Panels!$D$2:$D$6,MATCH($B$5,DB_Panels!$B$2:$B$6,0)) -> 65.7 | E5: DC Array kW | F5: =$D$4*F4/1000 -> 16.56 | G5: Cold Voc | H5: =F7 -> 422.5824 | I5: ="<"&D15&" V" -> <500 V | J5: =IF(F7<D15,"PASS","CHECK") -> PASS
A6: Inverter | B6: Sol-Ark 18K-2P-LV | C6: Panel Vmp | D6: =INDEX(DB_Panels!$E$2:$E$6,MATCH($B$5,DB_Panels!$B$2:$B$6,0)) -> 54.9 | E6: String Vmp | F6: =$D$6*$B$17 -> 329.4 | G6: MPPT Current | H6: =F8 -> 16.76 | I6: ="<"&D16&" A" -> <36 A | J6: =IF(F8<D16,"PASS","CHECK") -> PASS
A7: Battery | B7: Discover Helios ESS | C7: Panel Isc | D7: =INDEX(DB_Panels!$F$2:$F$6,MATCH($B$5,DB_Panels!$B$2:$B$6,0)) -> 8.88 | E7: Cold String Voc | F7: =$D$5*$B$17*(1+ABS($D$9)/100*(25-$B$16)) -> 422.5824 | G7: MPPT Isc | H7: =F9 -> 17.76 | I7: ="<"&D17&" A" -> <54 A | J7: =IF(F9<D17,"PASS","CHECK") -> PASS
A8: Battery Qty | B8: 3 | C8: Panel Imp | D8: =INDEX(DB_Panels!$G$2:$G$6,MATCH($B$5,DB_Panels!$B$2:$B$6,0)) -> 8.38 | E8: MPPT Operating Current | F8: =$D$8*$B$19 -> 16.76 | G8: MPPT Count | H8: =B18/B19 -> 3 | I8: ="<= "&D18 -> <= 3 | J8: =IF(B18/B19<=D18,"PASS","CHECK") -> PASS
A9: Orientation | B9: Portrait | C9: Voc Temp %/C | D9: =INDEX(DB_Panels!$H$2:$H$6,MATCH($B$5,DB_Panels!$B$2:$B$6,0)) -> -0.24 | E9: MPPT Short-Circuit Current | F9: =$D$7*$B$19 -> 17.76
A10: Mount Type | B10: Single Mount | C10: Panel Length ft | D10: =INDEX(DB_Panels!$J$2:$J$6,MATCH($B$5,DB_Panels!$B$2:$B$6,0))/304.8 -> 5.6692913 | E10: Power per MPPT kW | F10: =F6*F8/1000 -> 5.520744
A11: Rows High | B11: 3 | C11: Panel Width ft | D11: =INDEX(DB_Panels!$K$2:$K$6,MATCH($B$5,DB_Panels!$B$2:$B$6,0))/304.8 -> 3.9534121 | E11: Battery Storage kWh | F11: =$D$20*$B$8 -> 48
A12: Columns Wide | B12: 12 | C12: Panel Cost | D12: =INDEX(DB_Panels!$O$2:$O$6,MATCH($B$5,DB_Panels!$B$2:$B$6,0)) -> 315 | E12: Estimated Hardware $ | F12: =$D$12*F4+$D$19+$D$21*$B$8+$B$21 -> 45940
A13: Banks | B13: 1 | C13: Inv MPPT Min | D13: =INDEX(DB_Inverters!$C$2:$C$3,MATCH($B$6,DB_Inverters!$B$2:$B$3,0)) -> 150 | E13: Cost per DC Watt | F13: =F12/(F5*1000) -> 2.7741546
A14: Tilt ° | B14: 37 | C14: Inv MPPT Max | D14: =INDEX(DB_Inverters!$D$2:$D$3,MATCH($B$6,DB_Inverters!$B$2:$B$3,0)) -> 425 | E14: Panel Width ft | F14: =$D$11 -> 3.9534121
A15: Azimuth ° | B15: 180 | C15: Inv Max Voc | D15: =INDEX(DB_Inverters!$E$2:$E$3,MATCH($B$6,DB_Inverters!$B$2:$B$3,0)) -> 500 | E15: Panel Length ft | F15: =$D$10 -> 5.6692913
A16: Design Temp °C | B16: -5 | C16: Inv Max Op A | D16: =INDEX(DB_Inverters!$F$2:$F$3,MATCH($B$6,DB_Inverters!$B$2:$B$3,0)) -> 36 | E16: Array Width ft | F16: =IF($B$9="Portrait",$B$12*F14,$B$12*F15) -> 47.440945
A17: Panels/String | B17: 6 | C17: Inv Max Isc A | D17: =INDEX(DB_Inverters!$G$2:$G$3,MATCH($B$6,DB_Inverters!$B$2:$B$3,0)) -> 54 | E17: Sloped Array Height ft | F17: =IF($B$9="Portrait",$B$11*F15,$B$11*F14) -> 17.007874
A18: Total Strings | B18: 6 | C18: Inv MPPT Count | D18: =INDEX(DB_Inverters!$H$2:$H$3,MATCH($B$6,DB_Inverters!$B$2:$B$3,0)) -> 3 | E18: Ground Depth ft | F18: =F17*COS(RADIANS($B$14)) -> 13.583092
A19: Strings/MPPT | B19: 2 | C19: Inv Cost | D19: =INDEX(DB_Inverters!$L$2:$L$3,MATCH($B$6,DB_Inverters!$B$2:$B$3,0)) -> 7900 | E19: Rear Edge Rise ft | F19: =F17*SIN(RADIANS($B$14)) -> 10.235594
A20: MPPT Mode | B20: Manual | C20: Battery kWh | D20: =INDEX(DB_Batteries!$D$2:$D$5,MATCH($B$7,DB_Batteries!$B$2:$B$5,0)) -> 16 | E20: Electrical Status | F20: =IF(AND(F6>=$D$13,F6<=$D$14,F7<$D$15,F8<$D$16,F9<$D$17),"PASS","CHECK") -> PASS
A21: BOS Estimate $ | B21: 12000 | C21: Battery Cost | D21: =INDEX(DB_Batteries!$M$2:$M$5,MATCH($B$7,DB_Batteries!$B$2:$B$5,0)) -> 4900 | E21: Layout Note | F21: =IF($B$10="Single Mount","Row spacing N/A - single structure","Check row spacing on Layout sheet") -> Row spacing N/A - single structure
A23: Visual Array Builder — default 3×12 column strings (change string IDs in cells)
A24: S1 | B24: S1 | C24: S2 | D24: S2 | E24: S3 | F24: S3 | G24: S4 | H24: S4 | I24: S5 | J24: S5 | K24: S6 | L24: S6
A25: S1 | B25: S1 | C25: S2 | D25: S2 | E25: S3 | F25: S3 | G25: S4 | H25: S4 | I25: S5 | J25: S5 | K25: S6 | L25: S6
A26: S1 | B26: S1 | C26: S2 | D26: S2 | E26: S3 | F26: S3 | G26: S4 | H26: S4 | I26: S5 | J26: S5 | K26: S6 | L26: S6
A28: String | B28: Physical Zone | C28: MPPT | D28: Shade Pairing Rationale
A29: S1 | B29: West edge columns 1-2 | C29: MPPT1 | D29: Pair west edge with east edge
A30: S2 | B30: West-center columns 3-4 | C30: MPPT2 | D30: Pair symmetric inward zones
A31: S3 | B31: Center-west columns 5-6 | C31: MPPT3 | D31: Pair center strings
A32: S4 | B32: Center-east columns 7-8 | C32: MPPT3 | D32: Pair center strings
A33: S5 | B33: East-center columns 9-10 | C33: MPPT2 | D33: Pair symmetric inward zones
A34: S6 | B34: East edge columns 11-12 | C34: MPPT1 | D34: Pair east edge with west edge
A37: Design rationale: default strings are vertical column groups so east/west tree shadows tend to affect one string group at a time rather than clipping every row simultaneously. MPPT pairs are symmetric west/east to reduce the chance that a single edge shadow drags down both strings on the same tracker.

Sheet 03_Layout_Designer
A1: LAYOUT DESIGNER — Mechanical + Electrical Topology
A3: Inputs linked from Build | D3: Panel Map / String Topology
A4: Orientation | B4: ='02_Build'!B9 -> Portrait | D4: S1 | E4: S1 | F4: S2 | G4: S2 | H4: S3 | I4: S3 | J4: S4 | K4: S4 | L4: S5 | M4: S5 | N4: S6 | O4: S6
A5: Rows High | B5: ='02_Build'!B11 -> 3 | D5: S1 | E5: S1 | F5: S2 | G5: S2 | H5: S3 | I5: S3 | J5: S4 | K5: S4 | L5: S5 | M5: S5 | N5: S6 | O5: S6
A6: Columns Wide | B6: ='02_Build'!B12 -> 12 | D6: S1 | E6: S1 | F6: S2 | G6: S2 | H6: S3 | I6: S3 | J6: S4 | K6: S4 | L6: S5 | M6: S5 | N6: S6 | O6: S6
A7: Tilt ° | B7: ='02_Build'!B14 -> 37
A8: Mount Type | B8: ='02_Build'!B10 -> Single Mount
A9: Array Width ft | B9: ='02_Build'!F16 -> 47.440945
A10: Sloped Height ft | B10: ='02_Build'!F17 -> 17.007874
A11: Ground Depth ft | B11: ='02_Build'!F18 -> 13.583092
A12: Rear Rise ft | B12: ='02_Build'!F19 -> 10.235594
A15: Layout Comparisons
A16: Option | B16: Orientation | C16: Rows | D16: Cols | E16: Panels | F16: Width ft | G16: Rear Rise ft | H16: Ground Depth ft | I16: String Fit | J16: Notes
A17: 3×12 single mount | B17: Portrait | C17: 3 | D17: 12 | E17: =C17*D17 -> 36 | F17: =IF(B17="Portrait",D17*'02_Build'!F14,D17*'02_Build'!F15) -> 47.440945 | G17: =IF(B17="Portrait",C17*'02_Build'!F15,C17*'02_Build'!F14)*SIN(RADIANS('02_Build'!$B$14)) -> 10.235594 | H17: =IF(B17="Portrait",C17*'02_Build'!F15,C17*'02_Build'!F14)*COS(RADIANS('02_Build'!$B$14)) -> 13.583092 | I17: Clean 6 strings | J17: Compact width; taller rear edge
A18: 3×12 single mount | B18: Landscape | C18: 3 | D18: 12 | E18: =C18*D18 -> 36 | F18: =IF(B18="Portrait",D18*'02_Build'!F14,D18*'02_Build'!F15) -> 68.031496 | G18: =IF(B18="Portrait",C18*'02_Build'!F15,C18*'02_Build'!F14)*SIN(RADIANS('02_Build'!$B$14)) -> 7.1376683 | H18: =IF(B18="Portrait",C18*'02_Build'!F15,C18*'02_Build'!F14)*COS(RADIANS('02_Build'!$B$14)) -> 9.4720058 | I18: Clean 6 strings | J18: Lower rear edge; wider footprint
A19: 2×18 single mount | B19: Portrait | C19: 2 | D19: 18 | E19: =C19*D19 -> 36 | F19: =IF(B19="Portrait",D19*'02_Build'!F14,D19*'02_Build'!F15) -> 71.161417 | G19: =IF(B19="Portrait",C19*'02_Build'!F15,C19*'02_Build'!F14)*SIN(RADIANS('02_Build'!$B$14)) -> 6.8237294 | H19: =IF(B19="Portrait",C19*'02_Build'!F15,C19*'02_Build'!F14)*COS(RADIANS('02_Build'!$B$14)) -> 9.0553948 | I19: Awkward with 6-panel column strings | J19: Lower but wider; strings may traverse zones
A20: 2 banks of 2×9 | B20: Portrait | C20: 2 | D20: 9 | E20: =2*C20*D20 -> 36 | F20: =IF(B20="Portrait",D20*'02_Build'!F14,D20*'02_Build'!F15) -> 35.580709 | G20: =IF(B20="Portrait",C20*'02_Build'!F15,C20*'02_Build'!F14)*SIN(RADIANS('02_Build'!$B$14)) -> 6.8237294 | H20: =IF(B20="Portrait",C20*'02_Build'!F15,C20*'02_Build'!F14)*COS(RADIANS('02_Build'!$B$14)) -> 9.0553948 | I20: Likely awkward string crossing | J20: Needs bank spacing; less desirable electrically

Sheet 04_Shade_Optimizer
A1: SHADE OPTIMIZER — First Iteration / Conceptual Model
A3: Shade Inputs | D3: String Impact Estimate
A4: Time Scenario | B4: Morning West Edge | D4: String | E4: Columns | F4: Shade Hit? | G4: Est Power % | H4: Assigned MPPT
A5: Shadowed Columns | B5: 2 | D5: S1 | E5: 1-2 | F5: =IF($B$5>=2,"YES","NO") -> YES | G5: =IF(F5="YES",$B$6,$B$7) -> 0.15 | H5: ='02_Build'!C29 -> MPPT1
A6: Power of shaded panel/string % | B6: 0.15 | D6: S2 | E6: 3-4 | F6: =IF($B$5>=4,"YES","NO") -> NO | G6: =IF(F6="YES",$B$6,$B$7) -> 1 | H6: ='02_Build'!C30 -> MPPT2
A7: Unshaded power % | B7: 1 | D7: S3 | E7: 5-6 | F7: =IF($B$5>=6,"YES","NO") -> NO | G7: =IF(F7="YES",$B$6,$B$7) -> 1 | H7: ='02_Build'!C31 -> MPPT3
A8: String strategy | B8: Column Groups | D8: S4 | E8: 7-8 | F8: =IF($B$5>=8,"YES","NO") -> NO | G8: =IF(F8="YES",$B$6,$B$7) -> 1 | H8: ='02_Build'!C32 -> MPPT3
D9: S5 | E9: 9-10 | F9: =IF($B$5>=10,"YES","NO") -> NO | G9: =IF(F9="YES",$B$6,$B$7) -> 1 | H9: ='02_Build'!C33 -> MPPT2
D10: S6 | E10: 11-12 | F10: =IF($B$5>=12,"YES","NO") -> NO | G10: =IF(F10="YES",$B$6,$B$7) -> 1 | H10: ='02_Build'!C34 -> MPPT1
D12: MPPT | E12: String A | F12: String B | G12: Avg Power % | H12: Comment
D13: MPPT1 | E13: S1 | F13: S6 | G13: =AVERAGE(G5,G10) -> 0.575 | H13: Symmetric edge pairing
D14: MPPT2 | E14: S2 | F14: S5 | G14: =AVERAGE(G6,G9) -> 1 | H14: Symmetric mid pairing
D15: MPPT3 | E15: S3 | F15: S4 | G15: =AVERAGE(G7,G8) -> 1 | H15: Center pairing
A18: This is a first-pass shade model. It is not a production simulator yet. Its purpose is to compare string topologies under edge-shadow behavior. Next iteration can add tree distance/height, solar azimuth, and a time slider.

Sheet 05_Design_Review
A1: DESIGN REVIEW CHECKLIST
A3: Area | B3: Check | C3: Status | D3: Notes
A4: Electrical | B4: String Vmp inside MPPT range | C4: ='02_Build'!J4 -> PASS
A5: Electrical | B5: Cold Voc below inverter max | C5: ='02_Build'!J5 -> PASS
A6: Electrical | B6: MPPT operating current below max | C6: ='02_Build'!J6 -> PASS
A7: Electrical | B7: MPPT Isc below max | C7: ='02_Build'!J7 -> PASS
A8: Layout | B8: Column-based strings selected | C8: PASS | D8: Chosen for east/west edge-shadow tolerance
A9: Layout | B9: 3×12 single mount under review | C9: REVIEW | D9: Verify rear-edge height/wind load with engineer
A10: Battery | B10: Battery integration | C10: REVIEW | D10: Confirm Discover/Sol-Ark firmware and wiring kit
A11: Mechanical | B11: Foundation/racking | C11: REVIEW | D11: Requires structural engineer
A12: Site | B12: Tree removal/shading | C12: REVIEW | D12: Measure tree heights and sun window after escrow

Sheet DB_Panels
A1: Manufacturer | B1: Model | C1: STC W | D1: Voc V | E1: Vmp V | F1: Isc A | G1: Imp A | H1: Voc Temp %/C | I1: Pmax Temp %/C | J1: Length mm | K1: Width mm | L1: Weight lb | M1: Series Fuse A | N1: Max System V | O1: Ballpark $/panel | P1: Source/Notes
A2: REC | B2: REC Alpha Pure-RX 460 | C2: 460 | D2: 65.7 | E2: 54.9 | F2: 8.88 | G2: 8.38 | H2: -0.24 | I2: -0.24 | J2: 1728 | K2: 1205 | L2: 47.4 | M2: 25 | N2: 1000 | O2: 315 | P2: Verify against current REC datasheet before purchase
A3: Qcells | B3: Q.TRON BLK M-G2+ 430 | C3: 430 | D3: 45.54 | E3: 38.39 | F3: 11.35 | G3: 11.2 | H3: -0.24 | I3: -0.29 | J3: 1722 | K3: 1134 | L3: 48.5 | M3: 25 | N3: 1000 | O3: 240 | P3: Placeholder/current-market candidate; verify datasheet
A4: Canadian Solar | B4: HiKu6 455 | C4: 455 | D4: 49.3 | E4: 41.5 | F4: 11.74 | G4: 10.97 | H4: -0.26 | I4: -0.34 | J4: 1903 | K4: 1134 | L4: 54 | M4: 25 | N4: 1500 | O4: 220 | P4: Placeholder/current-market candidate; verify datasheet
A5: Silfab | B5: SIL-460/470 | C5: 460 | D5: 46.7 | E5: 38.5 | F5: 12.7 | G5: 11.95 | H5: -0.27 | I5: -0.35 | J5: 1909 | K5: 1134 | L5: 54 | M5: 25 | N5: 1000 | O5: 280 | P5: Placeholder; verify exact model
A6: Trina | B6: Vertex S+ 455 | C6: 455 | D6: 51.6 | E6: 43.2 | F6: 11.2 | G6: 10.54 | H6: -0.24 | I6: -0.3 | J6: 1762 | K6: 1134 | L6: 47 | M6: 25 | N6: 1500 | O6: 210 | P6: Placeholder; verify exact model

Sheet DB_Inverters
A1: Manufacturer | B1: Model | C1: MPPT Min V | D1: MPPT Max V | E1: PV Max Voc V | F1: Max Operating A/MPPT | G1: Max Isc A/MPPT | H1: MPPT Count | I1: Strings/MPPT | J1: Max PV kW | K1: AC Output kW | L1: Ballpark $ | M1: Notes
A2: Sol-Ark | B2: Sol-Ark 18K-2P-LV | C2: 150 | D2: 425 | E2: 500 | F2: 36 | G2: 54 | H2: 3 | I2: 2 | J2: 30 | K2: 18 | L2: 7900 | M2: Use current Sol-Ark manual/datasheet for final design
A3: Sol-Ark | B3: Sol-Ark 15K | C3: 175 | D3: 425 | E3: 500 | F3: 26 | G3: 44 | H3: 3 | I3: 2 | J3: 19.5 | K3: 15 | L3: 6900 | M3: Older/common baseline; verify manual

Sheet DB_Batteries
A1: Manufacturer | B1: Model | C1: Chemistry | D1: Usable kWh | E1: Nominal V | F1: Capacity Ah | G1: Cont Charge A | H1: Cont Discharge A | I1: Peak A | J1: Weight lb | K1: Closed Loop with Sol-Ark | L1: Comm/Interface | M1: Ballpark $/battery | N1: Notes
A2: Discover | B2: Discover Helios ESS | C2: LiFePO4 | D2: 16 | E2: 51.2 | F2: 314 | G2: 160 | H2: 160 | I2: 400 | J2: 330 | K2: Yes | L2: Closed-loop / LYNK or native per current integration | M2: 4900 | N2: Preferred current candidate; verify integration kit/firmware
A3: Pytes | B3: Pytes V16 | C3: LiFePO4 | D3: 16 | E3: 51.2 | F3: 314 | G3: 160 | H3: 160 | I3: 200 | J3: 320 | K3: Yes | L3: CAN/RS485 | M3: 3700 | N3: Strong alternative; verify listing with installer
A4: HomeGrid | B4: Stack'd Series 19.2 | C4: LiFePO4 | D4: 19.2 | E4: 51.2 | F4: 375 | G4: 200 | H4: 200 | I4: 300 | J4: 500 | K4: Yes | L4: CAN/RS485 | M4: 7200 | N4: Expandable modular system
A5: Fortress | B5: eBoost 16 | C5: LiFePO4 | D5: 16 | E5: 51.2 | F5: 314 | G5: 160 | H5: 160 | I5: 200 | J5: 320 | K5: Verify | L5: CAN/RS485 | M5: 5200 | N5: Replacement direction for eVault; verify Sol-Ark closed loop

Sheet DB_Lists
A1: String IDs | B1: Orientation | C1: Mount Type | D1: MPPT Mode | E1: MPPT
A2: S1 | B2: Portrait | C2: Single Mount | D2: Manual | E2: MPPT1
A3: S2 | B3: Landscape | C3: Split Banks | D3: Symmetric Pairing | E3: MPPT2
A4: S3 | C4: Future | E4: MPPT3
A5: S4
A6: S5
A7: S6
A8: Unassigned

Sheet Notes
A1: DESIGN NOTES / CHANGE LOG
A3: Date/Version | B3: Area | C3: Decision | D3: Rationale
A4: v4.0 | B4: Architecture | C4: Build page redesigned as command center | D4: User wants whole-picture design workflow instead of jumping across sheets
A5: v4.0 | B5: Layout | C5: Default 3×12 single mount | D5: Matches 36 panels, 6 strings, and compact footprint
A6: v4.0 | B6: Stringing | C6: Default column-based strings | D6: East/west shadows should affect one string group at a time
A7: v4.0 | B7: MPPT pairing | C7: S1+S6, S2+S5, S3+S4 | D7: Symmetric pairing balances edge-shade impacts
A8: v4.0 | B8: Equipment | C8: Sol-Ark 18K + REC 460 + Discover Helios x3 | D8: Clean voltage/current fit and battery integration candidate
